{"cameraMode":{"drawMode":2,"name":"Shaded Wireframe","section":"Shading Mode"},"sceneLighting":false,"audioPlay":false,"sceneViewState":{"showFog":true,"showMaterialUpdate":false,"showSkybox":false,"showFlares":true,"showImageEffects":true,"showParticleSystems":true},"in2DMode":false,"pivot":{"x":4797.32177734375,"y":15.7611083984375,"z":-130.49032592773438},"rotation":{"x":0.33192265033721926,"y":-0.016978269442915918,"z":0.0059752436354756359,"w":0.9431349039077759},"size":173.76141357421876,"orthographic":true}