{"cameraMode":{"drawMode":2,"name":"Shaded Wireframe","section":"Shading Mode"},"sceneLighting":false,"audioPlay":false,"sceneViewState":{"showFog":true,"showMaterialUpdate":false,"showSkybox":false,"showFlares":true,"showImageEffects":true,"showParticleSystems":true},"in2DMode":false,"pivot":{"x":-0.000946044921875,"y":232.4312744140625,"z":-0.000091552734375},"rotation":{"x":-0.0032260389998555185,"y":0.9515778422355652,"z":0.009991861879825592,"w":0.3072284460067749},"size":1891.7364501953125,"orthographic":true}