{"cameraMode":{"drawMode":2,"name":"Shaded Wireframe","section":"Shading Mode"},"sceneLighting":false,"audioPlay":false,"sceneViewState":{"showFog":true,"showMaterialUpdate":false,"showSkybox":false,"showFlares":true,"showImageEffects":true,"showParticleSystems":true},"in2DMode":false,"pivot":{"x":-4328.78759765625,"y":-85.32965850830078,"z":-16.000022888183595},"rotation":{"x":0.042047593742609027,"y":-0.9519302248954773,"z":0.15264585614204408,"w":0.26222148537635805},"size":169.01954650878907,"orthographic":true}