{"cameraMode":{"drawMode":2,"name":"Shaded Wireframe","section":"Shading Mode"},"sceneLighting":false,"audioPlay":false,"sceneViewState":{"showFog":true,"showMaterialUpdate":false,"showSkybox":false,"showFlares":true,"showImageEffects":true,"showParticleSystems":true},"in2DMode":false,"pivot":{"x":0.0,"y":-0.0012952238321304322,"z":9.5367431640625e-7},"rotation":{"x":0.29517316818237307,"y":0.38206246495246889,"z":-0.13022609055042268,"w":0.8659920692443848},"size":23.336740493774415,"orthographic":true}