{"cameraMode":{"drawMode":2,"name":"Shaded Wireframe","section":"Shading Mode"},"sceneLighting":false,"audioPlay":false,"sceneViewState":{"showFog":true,"showMaterialUpdate":false,"showSkybox":false,"showFlares":true,"showImageEffects":true,"showParticleSystems":true},"in2DMode":false,"pivot":{"x":613.7801513671875,"y":-164.16038513183595,"z":5.03125},"rotation":{"x":0.1651371419429779,"y":0.0029579689726233484,"z":-0.0005007124273106456,"w":0.9862660765647888},"size":237.45921325683595,"orthographic":true}