{"cameraMode":{"drawMode":2,"name":"Shaded Wireframe","section":"Shading Mode"},"sceneLighting":false,"audioPlay":false,"sceneViewState":{"showFog":true,"showMaterialUpdate":false,"showSkybox":false,"showFlares":true,"showImageEffects":true,"showParticleSystems":true},"in2DMode":false,"pivot":{"x":-2.384185791015625e-7,"y":2.2714011669158937,"z":0.0},"rotation":{"x":0.07642123103141785,"y":-0.010469146072864533,"z":0.000802485563326627,"w":0.9970203638076782},"size":16.841350555419923,"orthographic":true}