{"cameraMode":{"drawMode":2,"name":"Shaded Wireframe","section":"Shading Mode"},"sceneLighting":false,"audioPlay":false,"sceneViewState":{"showFog":true,"showMaterialUpdate":false,"showSkybox":false,"showFlares":true,"showImageEffects":true,"showParticleSystems":true},"in2DMode":false,"pivot":{"x":122.0,"y":131.3249053955078,"z":-90.20267486572266},"rotation":{"x":0.09216686338186264,"y":-0.21336783468723298,"z":0.020223766565322877,"w":0.9724044799804688},"size":0.23531581461429597,"orthographic":true}