{"cameraMode":{"drawMode":2,"name":"Shaded Wireframe","section":"Shading Mode"},"sceneLighting":false,"audioPlay":false,"sceneViewState":{"showFog":true,"showMaterialUpdate":false,"showSkybox":false,"showFlares":true,"showImageEffects":true,"showParticleSystems":true},"in2DMode":false,"pivot":{"x":3.519378662109375,"y":-0.408203125,"z":0.7353515625},"rotation":{"x":0.2536729872226715,"y":0.013058085925877095,"z":-0.0034240763634443285,"w":0.9671958684921265},"size":7.38691520690918,"orthographic":true}